{
  "hash": "c78c181a",
  "configHash": "a803365c",
  "lockfileHash": "050bedb0",
  "browserHash": "5c045ecb",
  "optimized": {
    "@angular/common": {
      "src": "../../../../../../node_modules/@angular/common/fesm2022/common.mjs",
      "file": "@angular_common.js",
      "fileHash": "72183076",
      "needsInterop": false
    },
    "@angular/core": {
      "src": "../../../../../../node_modules/@angular/core/fesm2022/core.mjs",
      "file": "@angular_core.js",
      "fileHash": "5f2d3682",
      "needsInterop": false
    },
    "@angular/forms": {
      "src": "../../../../../../node_modules/@angular/forms/fesm2022/forms.mjs",
      "file": "@angular_forms.js",
      "fileHash": "be0d6e69",
      "needsInterop": false
    },
    "@angular/platform-browser": {
      "src": "../../../../../../node_modules/@angular/platform-browser/fesm2022/platform-browser.mjs",
      "file": "@angular_platform-browser.js",
      "fileHash": "f9eb4d8b",
      "needsInterop": false
    }
  },
  "chunks": {
    "chunk-UEHWNTFI": {
      "file": "chunk-UEHWNTFI.js"
    },
    "chunk-FYTLGAJI": {
      "file": "chunk-FYTLGAJI.js"
    }
  }
}